arrival_rate,service_rate,num_servers,sim_time,avg_wait_time
15.863690912414636,20.555755518056483,5,720,7.738490643737725e-06
18.538153378023217,13.567328719505333,2,800,0.07016787076894376
5.292939504421867,18.600005474976104,1,814,0.022117257724912305
16.847369488979293,10.408593110018398,3,440,0.017481562416656805
4.337923700120422,15.235585219408627,3,492,5.021929180134136e-05
19.62870886211229,19.93668843070568,5,851,5.1504360099959624e-05
10.650791332912245,13.69892771497845,1,335,0.27059216914016004
7.966705376037743,18.385237825484428,3,683,0.0001310488520966947
3.226495983462081,7.252930693137596,2,614,0.007164744484974974
16.785535566756103,11.003811334862288,5,396,0.0006105432363613755
18.838156943296735,18.12588293452402,2,636,0.01852821211525041
5.339872541571441,3.633156074970243,1,405,58.77664748134021
18.6540056482585,19.980547495501998,3,649,0.0016861075540648934
3.952807233129536,24.45242334356886,1,495,0.00923269629586743
18.618085340945154,3.7259806820148507,4,299,34.66105601606477
19.760568579568897,13.111736299674774,5,513,0.00032934758203006186
2.5561586308205344,3.973134398412646,2,444,0.03898063439889977
3.2312456667901754,3.0972832280627305,4,374,0.0002618231283868604
4.544496166819527,19.715785026909984,3,819,2.164470862806789e-05
11.628181357418576,24.29289178397717,1,346,0.040694369986818114
16.69495251645243,22.964007948256743,2,251,0.006757054410405664
6.2981409488345586,14.342389619611346,5,942,3.663786657560665e-06
14.691802432955427,3.0862106694420293,2,201,61.428986985960805
11.62793098893652,11.652972313663156,1,955,3.987653334618905
4.611764582070888,14.787966437323057,2,344,0.0020893621016279036
17.499516574831905,18.121231864320624,1,846,0.8855139023621963
2.5821172019672836,23.768542325295257,3,668,2.266375517758314e-05
1.189183305694384,13.4188146986365,3,456,0.0
2.1584956184314694,12.84338681495369,5,1000,0.0
2.860879294482705,17.730578171437525,2,531,0.00032193660003723153
11.509383247418741,12.040264109140466,2,559,0.022956508608069973
2.0937686524269608,21.671149997811657,1,713,0.004795849849524054
17.277417909633837,18.705442634291874,1,324,0.5423668102914666
11.196403542589962,17.081727453840593,5,525,2.46304395239308e-06
19.093232914519767,12.741942622059797,1,976,156.13869468637932
3.0523630123911167,16.72297847852738,2,272,0.00042574480089531793
6.828381528838425,1.6390960676828943,5,814,0.505160922917177
1.3833122050796938,13.314993401036604,4,721,0.0
8.609771477291297,5.472929369937888,5,747,0.0011354266283229329
11.012114726929708,12.909894970268475,3,637,0.002508260531044228
1.40313052257826,24.20852714797261,5,550,0.0
11.301471298154874,18.842200907480528,3,576,0.0006072811977376953
7.269600515803821,6.4972174432441046,5,459,0.0002598914547615033
13.548787308984377,8.44855322566342,3,809,0.018937776040707625
12.450871952876364,13.526480626213377,1,954,0.7906081673670822
1.7059249252898427,5.39222510768649,4,431,2.745409253050061e-05
16.781152527511722,5.3946791245739965,2,486,89.19918527117102
17.22162543728412,16.741109878757555,4,823,0.0003732589243748548
7.145593065041698,13.872999963133678,3,533,0.0004074972827427213
14.808847293681726,9.274532246856968,5,677,0.0006406985111995542
14.38165053440257,14.040053578274478,5,955,5.9747363644593545e-05
12.832830511665518,4.8465797045261505,1,317,107.6474662588358
4.576960256091013,11.054076864388591,5,944,0.0
3.884632462795396,16.231691557690944,5,711,0.0
6.055085782762972,11.466152491091483,4,752,2.2277902255820716e-05
19.22476546088702,7.016791356159278,3,838,0.6143673674373085
11.51114277017842,4.054005816185048,1,294,94.00298362011478
12.150576313655307,3.8433496640910123,3,875,30.97248524216778
8.107534875880013,6.446104602817754,1,764,73.67872468121834
5.008647530425856,18.907942481463177,2,795,0.0007941187565239271
4.133991261638843,18.31732895782219,4,599,5.799087543821479e-06
19.79635069595323,23.387326232133113,2,420,0.00919963607637373
18.418009961007634,23.779054106960324,4,511,0.0001337965770572217
19.834389360313452,16.995944453414403,1,694,54.873341310950295
16.194429581128745,19.669015920969485,1,443,0.26230790697996587
1.2462457039216093,21.230428450566045,1,631,0.0030335585671268355
13.747383258294896,19.423132578099743,2,670,0.00829197316661737
12.718504904077017,15.980649474398472,1,977,0.24316342964848123
11.36250806860457,19.050001627507605,3,959,0.0005391823046204163
7.336383977732786,3.402462133386739,4,715,0.031628345457652446
12.317754960362084,15.839965355346743,3,643,0.0012991304429680185
2.616112767702571,1.4777235559877937,5,351,0.01275861693256294
1.5796815708274947,16.79921811053966,4,869,0.0
16.916535249016196,15.361561399094747,1,687,24.924273717547294
7.961476263920311,6.0594152559718335,3,373,0.01630544795777587
11.629912992518921,7.271675800115232,2,481,0.3001258385109647
16.738215350838068,23.805668996183737,3,422,0.0007108564928835543
14.46993902220169,7.299655255355064,3,977,0.05736429075054278
5.971523474044665,16.249728248366345,5,278,0.0
16.664057952350863,23.27079320620198,5,722,1.8804751381796773e-06
2.4905368935593675,16.654185589166065,5,670,0.0
14.017001008443383,19.616281720608434,2,502,0.00698346659847535
18.481957777755763,8.629236554903247,2,318,9.6162802881004
11.80331379391266,7.134847450049216,2,241,0.2250986299647685
12.19924841466913,1.7104834722654134,1,428,180.18948452777232
2.058268759343482,3.7503800443700577,2,336,0.014289188596676427
17.125757972824893,20.735084665997157,3,354,0.0012048158816200048
14.336500813346289,6.454935006802264,1,718,198.9352021406329
3.056391692481259,12.1262636252035,3,258,0.0
11.798386188220361,10.236546578174327,4,928,0.0011631573404337757
1.4598982479202172,4.046908324171777,1,622,0.16936548108271549
7.7834151598440195,8.311241890055186,4,861,0.0006907703402471925
8.983952838504585,11.002343271841113,3,483,0.0019153282484465131
1.016186510479414,16.760419164704395,5,980,0.0
15.320137093991713,20.467139296631444,1,449,0.12057731907386425
3.6339433422879632,17.44952488045949,3,382,2.5097678654489458e-05
11.101649543392156,12.707031499421706,3,308,0.0025203377977551693
4.225402795042022,14.937525362787998,2,478,0.0011640648149741138
19.383092627601187,4.515845650839328,1,396,148.55911934826707
7.150496604180752,16.115680847533998,2,339,0.0029467180115633814
6.590231400809415,7.915395870974033,4,902,0.0004655580484476378
1.8375598413605028,7.50487339857958,1,726,0.04116689296044839
12.05658499426341,8.504215089648257,4,820,0.0025663767665682407
11.812540395251322,13.650940431392717,4,956,0.0003158833946811196
7.477914147714822,7.967519592854506,4,680,0.0006593748098337184
18.146150682777492,21.04286472155989,2,851,0.011590498406043837
4.320578705608339,12.368419542600009,2,909,0.0026075860973355032
15.628881969087601,20.727928801432466,5,943,6.619119833493375e-06
12.963946573748416,12.676950009843253,2,577,0.030778914259830346
19.657394838708615,16.95625412103056,1,643,42.04588585638494
18.76439516301455,7.6123275377942035,2,700,69.1095261122536
7.672330310265713,19.849065452292706,1,495,0.032328928464249784
19.41137590477061,22.002327423375483,1,961,0.3842808917495258
4.778467192008297,7.18971706840756,4,307,0.0004216145569160918
17.874311312508368,18.66600523229699,1,835,1.400368298498713
3.28028291339232,23.543752042226384,1,837,0.005866827839516806
9.211672326393286,2.4324713039256034,5,835,0.15415520121762752
17.49901515733194,10.06861015026961,1,663,144.3945017487087
8.753041971020988,4.363239727528267,1,256,65.67330020941274
19.00660452561862,15.273765688903088,3,547,0.005635581506925984
18.128824847281823,16.675679008475015,4,259,0.0007170042694537509
2.485205160346596,4.352017268380841,3,567,0.0015123986095324671
13.761659841620423,13.81495078685144,1,849,2.78567320534351
5.517228678193005,17.059243580172776,2,573,0.0013301287876526428
12.764175196854364,19.253897073251185,4,383,7.4531273828656e-05
1.18983552811624,1.6506079518219599,2,731,0.05868678102911048
2.982225936548723,12.30669377335257,5,706,0.0
2.7074745597934244,20.29121143275362,1,626,0.005928918395472258
18.260440348669963,11.929277076003508,1,669,117.75100951491807
14.266074342585311,1.4578534366510576,4,265,76.76383178456997
14.06286421998975,4.757079790236818,3,550,3.9997631721217237
7.774551378414575,3.4057975880037494,1,629,178.54267770602823
16.413410925614496,12.733609094974979,1,884,93.86265516456572
16.049425720828296,24.12166096080876,1,536,0.0757537710851441
10.390739396562392,8.264797877619085,1,729,81.73301524491636
2.0004705800385167,21.227745373424106,2,658,4.9726275883876404e-05
11.973620528103393,18.717163673587653,5,936,3.48319105325651e-06
2.614645324826264,21.993171714240525,2,383,0.00011897812140869573
19.365513751624306,9.701100083754898,2,697,5.611275757229714
7.977066574129884,16.782020567053983,1,261,0.048757185267669735
2.422976228749115,11.985785177442082,2,462,0.0009980593011452183
13.216958640432951,3.278560678353161,4,333,4.013178748151898
12.727776059549146,15.995459696496859,2,367,0.01156820347848794
10.22014155516806,9.597140457906258,5,708,0.00018717653649180822
18.08467086965541,10.051590499437246,1,855,178.68893817901306
15.665469354495112,18.77948646663057,3,660,0.0013906326415330814
19.423846422299583,24.388737201445743,5,344,6.269074895762165e-06
5.698575019293967,12.766534010243467,1,882,0.05715945120436653
15.705849370059251,21.299746136397843,2,590,0.007639531713535266
16.655005816384836,17.79679139580383,2,833,0.016201478581031176
19.18423668038987,17.708198378538945,2,631,0.026449176006346737
19.001712135371044,17.12565004032337,4,835,0.0005502406200120024
5.363753958521442,18.353115357509395,2,945,0.0009679115112604271
15.08847250451295,19.837889605837386,4,539,0.00012206518768338864
6.768805661399913,7.170489451244747,3,467,0.005399164206259224
8.397805234704318,19.388134557850265,1,562,0.04378622427307099
5.281827402699459,13.386779214465182,4,743,5.43923900384544e-06
4.2404433596758295,19.0465781482052,4,757,0.0
14.628162693732472,14.098772702459174,5,308,7.944785381566e-05
9.259551635405812,2.629741169531285,1,976,349.5985615098168
18.05296911381501,20.77084866304836,1,750,0.3603356193980111
12.87320976511318,12.6132392292655,5,879,7.310372591424584e-05
14.190195779664942,1.9944376802410897,1,223,99.29897924675456
19.496614293526765,1.5389549614723839,1,712,327.29265353712293
5.40917060202067,7.635784844593236,3,325,0.002382061467777813
13.361965548177011,5.015114328983463,1,954,296.51961159033976
6.55556562526116,2.481451055942954,4,480,0.0988286426571735
15.13341479158836,17.82809540374185,5,672,5.0921149626460875e-05
11.762628591439904,3.4734715638060125,1,775,265.53004983422335
7.045830401277703,12.888900725569561,5,239,0.0
11.039308123441387,5.274238647928279,3,839,0.09047210984295637
1.5041152932442787,18.807668102675063,4,560,0.0
6.329453204791101,15.464616656780127,2,522,0.0021636623285894445
13.922915237271944,24.17422634808712,1,503,0.05187178828154409
16.80053696466978,22.452247359657903,1,638,0.1407135225744348
11.476563257648102,17.873148382402476,2,759,0.006841594203752397
5.188096829688023,6.294570993245593,3,844,0.004114708793146947
10.072964129766781,17.869760108722488,4,449,5.809341215139929e-05
4.486494995436706,11.449279513635306,3,204,6.137272634120102e-05
8.676223161331299,4.419825603309188,3,789,0.0785693982866703
6.686858065751316,5.259686590288622,4,302,0.001818041307291414
13.585403506937203,23.941413336498776,3,581,0.0005098251428368753
14.244415765000875,9.795156447843631,4,491,0.0028706701566856927
10.258305093817468,11.794184181472914,2,881,0.020200676096968375
7.888176762693989,22.021829895980012,1,451,0.02469410013599824
14.46777079122489,19.22436225111596,4,288,6.782973617796988e-05
1.938442029513401,11.846333204794789,3,823,0.0
17.58635440368377,9.031797836903364,2,710,1.088404222022584
10.514921329806652,21.346241706575622,1,885,0.04418566199332757
6.691399016070917,5.286967763644008,2,639,0.10107706925023237
16.87868243345763,16.099659338047793,2,361,0.023082896338643234
8.240254187736857,7.8248341071648975,4,893,0.0009981093301824236
9.986039699387907,22.162457126097184,1,738,0.03755956243376279
4.292544219629751,8.356309246865486,1,322,0.11977650050148549
3.118858080009072,1.935809900909553,2,358,0.9871550340668108
3.8432029478162235,19.359430148943343,1,412,0.013404458155148227
18.06836397472608,22.23966910920054,1,381,0.22424416227710298
17.867998632925755,11.417873698697722,5,809,0.0005858082804019583
18.095667281371846,23.74720133284624,3,419,0.0008960781946204917
16.426136370338156,3.7217710442004206,2,708,196.8876965784413
9.088455324210075,2.3955069887914258,3,285,34.41249799972062
3.8469619179836374,23.831966964220644,1,582,0.008866574912849545
13.133241775699316,22.297000185826185,4,763,4.806736578589355e-05
16.0001850079434,20.649132805134435,2,928,0.007995818065744028
14.311389576525686,1.8451808940215928,1,706,306.23509054493115
5.035561630845479,10.43451470254001,5,538,6.889777668445992e-06
18.6429584352825,24.71120635625693,2,355,0.005955662164232199
5.329364888739916,17.14809722074756,3,312,7.338917925888338e-05
8.126928029324915,13.879821974688987,2,707,0.007025584702816911
1.0439500065277194,5.516513427014225,4,312,0.0
5.7814203300666,15.79348274701426,1,715,0.0347565656603555
16.949190522920652,1.1292156571735061,2,551,239.09857867532006
14.937258881539845,21.76952724430215,5,696,1.2920794811814256e-05
9.82251304739302,1.7868357717203152,3,292,68.883662445464
18.902130489182706,22.32133191576908,1,602,0.26448426793247537
13.723815363573157,7.694784090312348,5,929,0.0011729796787242892
17.420689288152566,16.23946872402405,5,432,7.490368800170839e-05
16.422830807508014,13.50188137836062,3,564,0.006166376791536098
18.003075377391717,17.863405440127373,1,458,3.237809635676572
10.416884575459529,21.52179180868071,1,964,0.042329988450539376
7.796401257089804,19.47727586768139,5,735,0.0
3.7900343540908574,9.201969077382266,5,934,0.0
6.550898455542744,15.85120032565494,3,544,0.0002582928797254702
14.695131809161214,5.119895973451853,1,702,225.30186161618263
15.790416193208667,15.84140035206612,2,411,0.018881916173765508
14.249182655060796,23.130387052881336,3,483,0.0005392955211520229
13.272475887047973,1.808189798633249,3,960,283.13053392781296
4.695292038651704,14.757873483554622,1,787,0.031067265516988237
12.958845568394507,2.712620813174607,4,882,71.11842407999599
15.284632722500309,21.295051445035917,4,594,7.411706134824937e-05
6.839879486830322,2.2173915737763883,1,470,163.19012532341137
8.301319586638952,17.65590732029012,1,592,0.054613812001634246
5.635540192927507,6.893656318827762,3,616,0.0033763680663851017
8.515745371564257,4.3307978291053475,3,666,0.11046860260677599
15.230851171774964,13.820363563906405,3,415,0.004073256084003029
1.4005469168352658,13.592165497663231,4,610,0.0
5.565391838623152,21.745016982267163,4,482,0.0
13.18474623716367,17.292621968629746,4,902,0.00017436176321361012
13.379199237226782,21.346355972555934,1,861,0.07945456173515145
19.75686049969479,11.403993211289425,2,213,0.24339900783416907
12.1067217475724,19.200402588234727,3,476,0.000660395143488603
18.09908795303138,4.059506255754174,1,426,159.72217291428328
17.35161451041533,9.119304914115444,2,316,1.4792224729794556
11.409328827481103,11.387791851680596,5,989,4.2055441366747305e-05
2.7281077740433375,20.253703131523878,4,522,0.0
11.931534219398944,3.50127341300784,2,336,65.30452354376084
8.915168563988587,17.471569693628233,1,599,0.06056840232231104
6.118255213084516,11.316648078786539,1,261,0.10487582663518165
12.641384513334845,20.125453237832136,1,598,0.07472976381145774
3.192458699853466,4.03865609633118,2,610,0.055651423620246714
13.327233596806844,11.292679142688279,2,618,0.05505871565075742
7.367821003493005,6.792368117305352,1,438,11.11326288507253
18.811625376024708,9.933350103172714,3,262,0.03116055660985623
15.168253262521231,5.803704751915556,3,511,0.32435102398422677
11.610483650123966,19.49523118149377,2,573,0.004997862133202303
14.696324861320397,5.350112665198872,3,878,0.5565708409696205
1.7997409199817922,15.972953172352621,5,322,0.0
1.1910163888860166,10.010106576963476,3,608,0.0
7.356451624413581,7.3374651092478,2,272,0.05212136901718723
8.663350632819132,6.06064072988008,3,476,0.02268668857695245
9.49784143079626,5.453435997335889,1,850,191.0648379226947
17.03098421997612,6.471062965406378,2,506,66.0145708718476
12.676776322158828,16.84192429035159,1,311,0.17101833787866047
11.662119668237263,12.049113570108267,4,856,0.0004002461663822992
8.97931394828272,12.529131886430292,2,494,0.011950490973637509
16.213374241227193,10.943852555790164,3,630,0.014289864553669736
6.094503742720749,19.99421995513943,5,962,0.0
4.579413204523247,11.860486008681452,3,480,0.0003248017005624795
1.5355873072529924,18.34216303331983,2,967,3.8341940957941174e-05
10.911575523533392,16.11569644618391,5,439,4.151565842455146e-07
4.9971968032970935,12.018107879596766,2,428,0.00523358573475428
17.177926594668584,12.026636892398734,4,479,0.0021328972259682622
17.82366280554335,3.8638333238321554,2,200,61.67894125295613
3.9490347935904655,21.321625895791055,2,612,0.00031418296841332727
14.351395942487708,22.348013133804237,2,583,0.005477129137812628
8.26255655167999,14.321947775862474,5,609,0.0
8.961545834818839,2.2877536153817424,1,307,110.44838171089789
4.102619249186791,7.068257175486371,1,607,0.19229739176171134
18.27012871209218,13.621248286107894,3,695,0.007306969608711902
17.931422867358894,16.51830635333883,1,296,19.238540716279676
4.587126325061816,11.810638208353367,4,224,2.0927571878960502e-05
4.754051321919375,20.403235110627495,1,672,0.015796856943201782
5.756237035212888,22.209043907416728,1,818,0.016348320671816286
15.495598657288095,11.629118329187804,3,616,0.010331820550570301
10.090050279622776,9.828776605717128,1,940,13.382891109392835
16.61479654977272,14.65317996577452,3,737,0.004571621393029338
8.195643132726119,20.947368647121852,2,747,0.0018007180642348791
13.28419838064367,4.598294110972148,2,610,89.50942212772163
17.359777189341308,13.78739033107055,3,923,0.006641699131834131
12.216935815055484,24.49793864144854,2,338,0.002694905355371134
10.433602510835811,5.6520556818619525,2,234,1.1180269706518517
7.065303692314118,7.238429188715634,2,625,0.047777012634925266
5.202468484827689,3.6409597437666195,2,833,0.2790378774056069
13.743031347721045,10.14487524838346,5,706,0.0004043907944153902
6.439216695061543,24.341512176275273,1,938,0.015330006377570352
2.986074510836768,14.137302286428335,3,511,0.0001578335765844753
7.716393408218557,10.36004456970566,2,385,0.01650538797718273
16.320995047379597,16.96765142696379,1,336,0.9084398942786711
7.863977823009018,19.69870066616617,3,777,0.0001478125998262117
19.80370039852108,19.99726421993972,4,938,0.0002986064364737944
11.671986602532002,17.162156335788307,5,407,6.610071917921742e-06
2.330859867072897,9.722690742950075,2,348,0.0014139020781040671
12.952354552022285,16.731628740553397,2,936,0.010412543698419048
7.489786845112663,23.63183558558636,5,290,3.6644816217358734e-06
6.539874378995289,8.946133488206968,4,632,0.0002075560257549427
15.133140616492312,2.312371218568276,3,546,144.4110753669098
6.935059836145239,21.185266900986623,4,693,3.006436462004436e-06
8.205234452423825,17.824701431526247,5,842,0.0
3.0660970737481663,5.097798156950791,3,503,0.0025627779277339257
18.57492697170788,21.622511544865723,5,262,2.3183600320379348e-06
8.255792308617767,1.0500558570229508,1,333,151.83549453394937
15.362664660950115,7.8732195786427095,4,639,0.010940428750436585
16.521341986534253,14.637852214876514,1,940,60.92921182939912
1.4469745377894205,10.748608188733229,4,335,0.0
16.50968380735928,21.188639478226456,1,456,0.13299593813092472
11.980078741574477,4.972313712214499,5,208,0.006134964532211585
3.911027978304111,5.03052750569134,2,277,0.0345301821519429
7.413185052816144,17.358140370589695,5,333,0.0
11.942396123608562,21.512326186724405,5,477,0.0
7.560721108843741,10.190734037876641,3,852,0.0021846774609061703
11.022690216466202,14.586748833599948,3,544,0.0013132763871990865
5.874187495366167,20.507950316089932,2,680,0.0010183168797609024
9.761631716465718,3.1794300976583907,3,375,2.693823699010199
4.883991548481587,7.530760401471304,3,869,0.001837126429870763
11.090042559145655,10.04117404561051,2,675,0.04015613724841137
1.370692177732149,6.578303337145981,2,915,0.0015361451815516783
5.618212535257727,15.615923985695991,4,460,0.0
16.29182640167307,23.506948014784154,1,926,0.09964302764974722
14.179958135063877,23.67198293388151,2,614,0.0044121052882829925
7.126854686963175,8.394282000448882,4,595,0.000593509503918873
15.994869369762897,1.0377008760980706,1,664,301.72220120023354
13.77671346963762,18.94932476148654,5,505,3.630125892994908e-07
6.6885284077171825,16.006725176774058,1,304,0.044245464159643644
12.101026655346566,6.949056541463771,3,645,0.035173677157422326
16.215208604930538,2.594318965688542,3,987,255.58283398154637
5.489372442963596,2.7136554558266646,2,349,2.5570543393579386
6.655685498130833,18.6440061020823,4,565,1.9058504821263532e-06
6.810652680937214,11.055629452206258,5,928,2.919942529506414e-05
17.573018818688915,7.2953585401847425,2,409,28.839568900932147
17.490374342604312,10.013014225374182,5,514,0.0009715728929156997
17.72595259871691,23.103831945297102,2,866,0.006213072365493615
10.694496577389746,17.783149794868677,4,901,5.416425181301946e-05
8.183025128719297,17.57506997920132,3,674,0.0004892330076940395
10.85238685017098,4.170237728780938,3,495,0.5334059357952735
19.841416050206092,7.820820018091808,2,263,25.63635082365523
2.4583483173491802,6.172520088272367,1,218,0.10239990237195178
16.39379888572699,16.32528714607668,4,468,0.0002931386340427675
3.643395896062449,20.753179814753093,4,261,0.0
3.0935541844373042,13.012974515642846,4,774,0.0
16.173756921674773,1.982915569655308,1,918,398.443762913159
16.923515276110805,5.577229781917633,5,842,0.021745100542122475
10.781105542381805,6.711550620647894,1,371,66.0174780203741
16.177263352185605,18.970071582102005,2,321,0.013558239894815458
6.181527042370029,1.234800933027981,3,208,40.99584758266034
18.322704766249778,8.400426216712617,4,450,0.014770566912808628
3.8899257823083313,14.9615762121641,4,879,0.0
1.2123006634919355,24.48447435149336,2,803,2.2209073752943887e-05
12.326323041752357,2.841152577611,2,401,102.75091148854241
16.847752318699186,23.196677904544075,3,497,0.0007643078811476106
11.532294271379259,6.194625416947152,5,973,0.0021910212096953254
5.7391908569795325,22.16397983276177,2,669,0.0006412436266311125
14.146352661776545,4.81998591056269,3,362,1.4469728141536273
9.150582249154745,12.568994232589827,1,587,0.18339806342189696
13.661873055022458,21.32927842820589,4,484,6.167910759202492e-05
16.65084020379222,11.838061367478078,4,611,0.0021155261581999414
7.38737854404155,11.403703256870555,2,437,0.011089449157468881
5.769843385538582,5.501101715899912,1,602,23.872567947872703
15.075998961115811,18.04825176538577,5,404,2.8077178166538762e-05
19.24878813093231,12.013416925402813,5,438,0.0006188855569815382
12.067943597819278,4.402386284397856,2,587,75.01531745842881
7.816428244622891,3.9599562166624462,3,840,0.09583573304329236
10.893395014464465,5.3817229174623975,4,997,0.01512612373181436
1.5604570081482958,6.213718168835569,4,223,0.0
12.259744509917013,2.7597406903139916,1,539,207.87980879411995
13.311762909281791,13.512353558514722,1,493,5.006600072566988
1.2535090672558948,1.5650481800706615,2,541,0.09020950526744727
12.154116112982603,11.00413738356241,4,221,0.0007333479471126264
2.1250251971163854,3.0932903548366086,1,874,0.9099599316318923
2.359750630374594,10.85142271411349,5,836,0.0
8.87928156496494,9.164585143571141,5,822,6.401201991328102e-05
6.192285238834743,24.28790064732353,5,861,0.0
3.531889150217327,20.756547906809082,3,692,1.1057326023626291e-05
16.548788616194035,17.730693073875877,1,915,0.8908487169065109
1.020318830905037,23.607250532811413,2,380,0.0
2.6950757248333748,4.860575756418444,5,933,0.0
4.798399671606171,3.1454547181827097,4,628,0.011155701945306499
16.86439693701566,17.846166074826858,1,937,0.630897012934695
11.306383273589224,24.42923918487983,3,931,0.00020232442506130718
7.305266837815452,10.866800606776604,3,579,0.0009977092677572062
3.240466949892902,2.9316991848657716,4,430,0.002619706829934922
14.75425752322881,14.480074334486662,2,679,0.022168710175517473
5.069027742034296,18.77071151542444,4,278,0.0
6.240398988108117,22.220249566457973,1,581,0.017209157741407986
12.974104186140924,20.158749338405666,1,349,0.09708669759908199
16.043494487175494,23.510221772362627,5,208,0.0
19.63026694112369,19.974094150222097,4,310,0.00025736814112772746
19.762897749861,18.627330291748542,3,312,0.0028882234993642597
4.939819788045117,1.5059648452308565,1,735,257.237814195911
19.315967135009178,12.095438724693734,5,360,0.000704226336597259
18.289765421968035,11.33748405998536,2,619,0.14935686920072777
19.75385932190442,6.298408480916217,4,576,0.10953642501186645
17.95607069785846,16.389180711985336,1,547,25.964594305849644
5.937987434141516,9.458140536653012,2,478,0.012390730238044803
11.912319224129542,22.320580692851713,1,789,0.05375822859176383
16.243311499746948,5.725839268620857,1,496,159.4423376499251
1.9538779339864423,13.488962654977438,4,301,0.0
16.559379971408468,21.373256609856245,2,880,0.0087730567659833
17.262783215387067,23.81873961879888,5,615,6.569028619579101e-06
1.8440880331685214,2.7637659984526612,2,727,0.05282782774363851
7.197575053115455,1.6211735163766532,4,850,42.02669769564573
2.7287487483977,6.6023296459160985,2,541,0.007067898461148907
16.77005316238908,2.8756667731493897,4,795,132.44436621648532
13.843842216724374,4.489166123885619,4,387,0.12387944900038607
7.866784391568877,10.493276566248985,3,426,0.0013201571507476919
10.99678531077307,23.04476599651574,3,826,0.0002096995945049175
13.458182078484533,17.945215291953232,5,502,1.881929653542637e-05
10.547799335344562,7.2007877353292455,1,546,87.65907443261287
16.52189512730725,11.419486564539366,2,222,0.09406599223502943
7.409455459702635,19.365927396870898,5,707,0.0
4.572750689663797,10.23743205796637,4,485,5.455605220782991e-05
1.686422316707173,23.78807143201874,1,977,0.0031647076447001913
6.595348250786397,18.37055031894808,2,642,0.0021919619708785708
9.247326225782452,5.414097768802469,2,905,0.4116594230841032
9.023397877583735,21.38724418778819,4,296,4.879969552962468e-07
6.448546670878196,7.189066100260041,5,854,4.75428448515065e-05
10.366842005532915,3.4986852003334397,1,425,147.99235297413946
5.429368789227373,14.296680759821403,5,575,0.0
6.502165300854137,3.071695662388585,3,373,0.12131205246184376
1.2352279573410838,8.626582020255665,5,387,0.0
16.450254356715952,10.179999139475294,1,355,72.00619126439098
12.191585446631379,4.934781366168081,4,492,0.042325653356602044
18.193551222215795,11.479724880836306,1,880,160.37111703905774
10.618913453907084,17.431289998255274,5,775,7.317245618192508e-06
3.1487393070293557,20.94849899452642,5,617,0.0
16.73373060205632,4.856761916252838,2,404,93.91105602240681
8.493568184276116,16.879206247333002,1,844,0.06103464392625264
3.9657173286462197,1.1974131599742952,5,533,0.17058861957454796
11.124767808540364,3.6357885258312104,4,543,0.15419854989671608
11.213254095099675,6.909733168856994,5,415,0.00152097332047848
10.225685155765511,5.8983275661932915,1,662,136.93386977765266
15.87448174107084,17.37637863678286,1,437,0.5398357542259151
6.294209185645434,22.944009965883676,2,889,0.0008991258938156864
14.210102842530219,13.7981098897261,1,348,4.64832654144576
11.321095906181776,21.50727812585376,1,745,0.052770747366046575
15.250115511318409,6.683871464529187,2,488,26.408825830709617
15.866163793461325,3.3105611757840245,2,976,267.81248315925865
16.461372512825356,21.26436304152913,4,467,0.00015315210404614248
5.911088072867539,3.870618479042344,5,827,0.0016789803254111813
10.865227128972498,14.967014271487582,4,834,7.943298694588963e-05
8.248071954060151,11.857421958204883,4,977,0.00010367059543399847
15.35085126219884,10.697438597407263,3,405,0.012596298155082591
10.168064135157909,14.697834606240757,2,561,0.009779891776383352
19.65678269048497,20.279419443277604,3,625,0.002138640614231337
6.230623146274213,17.42957163039864,5,332,0.0
12.131554946528112,16.830222648713956,2,401,0.009152572966476482
10.615802016518089,3.469348941249371,4,623,0.1274182859869395
11.106376309533948,6.163368520010553,1,273,60.44533101547356
11.52862154933695,3.531458497929023,5,252,0.05544034905747707
7.853497213541691,9.988944786565192,3,695,0.0030518486341037814
12.092844635458489,6.083565204864717,1,593,151.55311295128942
4.713174313943832,24.12645659735061,5,542,0.0
16.868834374497457,17.015890539875592,1,961,3.853308275500309
1.2481764615697424,16.41579903679336,1,718,0.005604643822239653
14.394213857008449,20.92179261413959,2,236,0.006560430105353234
9.995705507054312,22.002195625420907,1,387,0.03930296019807214
3.1416292764767166,13.35312549052609,2,582,0.0013525372578438442
4.174092713318828,22.930617158399496,1,515,0.007842423665031678
6.601214396106239,21.654226206004868,5,646,0.0
6.157927052452342,1.1760000815927159,2,581,180.15059130745905
14.013400092958026,4.017351052223914,4,966,0.3108241273482592
17.118232756615342,10.965134573799297,1,995,178.1810291135665
17.56399015409944,1.4614549175476599,4,516,165.0451115058377
4.479207697376335,14.943787808286952,1,333,0.0306609681750746
16.95372794764996,1.5076138339638785,2,886,361.71376166995327
10.172869009813583,12.1260693901305,4,204,0.0003062000135688724
18.204599345630502,21.12566894850974,5,362,1.2846599422719979e-05
7.68581372856949,13.19625191103448,5,906,8.377920269746563e-06
1.0625731494439963,10.179960153278913,5,928,0.0
18.443693851229035,19.820078055731837,5,870,3.544162985524341e-05
3.296219962972948,4.314868934095317,4,667,0.00021517839585197376
9.098501250852053,6.213836464454451,3,220,0.024341022079830212
3.9481397072629703,1.3002465088937205,2,399,66.39591091653138
13.271290004649249,9.059907398644118,3,351,0.01807957072470198
3.569670632108404,9.410046027437822,3,268,6.031716977904003e-05
11.512493030938417,13.696134673554464,5,998,2.6120234302180428e-05
15.155280756696223,13.229349959273502,1,561,32.71967879557915
17.098075633491977,19.761699152591213,2,208,0.012108097759261315
11.917193473080236,15.399964400295953,2,526,0.010100550475134293
6.055525077834974,9.993119468921119,5,565,3.9658338456584725e-06
16.630591696725016,22.280813493966587,5,241,3.859771635766103e-06
19.817090298459203,9.853479791887871,3,344,0.048250378108989966
6.2532140060328345,10.561331717791964,5,452,1.0815041880190023e-05
17.60188526892491,9.310528286903722,2,729,1.287932675624779
6.320839210232833,8.74627251776408,4,709,0.00010921437762013976
8.63169049826627,23.139753820254505,3,993,8.285059132801744e-05
19.999697965562476,13.621146031531856,2,616,0.09246753586177546
6.502434552644253,17.060271279941393,5,926,1.4023802306812002e-07
3.2003301175522494,12.24570664017645,3,764,0.0002513653836042612
12.820511405657262,9.090520578003385,2,956,0.10368141495295517
1.8687299767667676,5.033492668303558,5,696,0.0
7.159196701506971,18.437391116464163,1,753,0.03681386081271077
3.5881512741620374,6.192969810873348,1,922,0.2033031382693863
17.385138622853344,8.120682984972113,2,208,8.126076104949995
8.548438458119787,17.443347685817063,4,428,2.8896713125730358e-05
9.67253476492192,20.949920493135902,3,879,0.00022083657668825298
5.272950289609291,5.668514580463432,4,925,0.0008774970829321571
8.308629549505229,1.742522045004173,5,510,0.9713099757767256
14.165801540695442,16.077625421264397,5,421,4.695569148027124e-05
17.012413909251027,14.418632252276005,1,201,14.837908758308924
15.002092606900547,21.718516088613555,2,772,0.0069608881780915755
6.545314696279538,13.400854828643823,2,210,0.003928248835572068
8.947370309869498,19.49415810156357,3,338,0.0004895749600816751
9.297205302447587,8.367256847297888,5,544,7.393503010337737e-05
15.783616184225005,11.819021447772434,4,687,0.0014303086191321246
13.454472964913274,1.1373747133778167,3,428,163.77788405802212
3.153061798631063,21.16907134092148,5,419,0.0
9.191669627369667,4.325616124485223,3,940,0.1406484048549081
15.0569193449819,6.411313557813468,1,362,105.17900784682669
14.889967694948119,2.2130921549738183,1,632,266.91810578969256
12.015586464798828,17.439603764245437,2,530,0.007998303357609255
8.931973242464355,5.447222878800713,1,506,96.80559699993508
16.31325421046504,3.0712288204376375,2,327,100.8209552249385
5.129053714512759,6.068463138086073,1,267,0.7658231728331016
19.685190580180702,2.8577809066534527,5,709,93.18714259661428
14.915761617123646,1.186582844612329,3,490,187.96257561763704
8.03700097194771,11.591482760746622,3,282,0.0013173784257672558
6.135635352643992,18.28112454534063,3,517,8.776200834533886e-05
3.8097886197434727,19.395288929136534,2,904,0.0006187045169767538
2.424384883452876,1.2137507612394156,2,924,27.091985352323128
16.362562316936756,19.946912941332098,5,375,3.01481047672366e-05
4.3856536385451514,10.517358733412536,3,216,0.00019185054094898987
12.78023489539964,10.436013504442236,4,924,0.001573580882574476
10.23123904696959,9.136123167108966,5,801,0.00019649044699681845
10.294407222793543,22.18798429172778,3,358,0.0002083752278500505
18.678189239245338,15.654545083433012,1,284,24.259650599732097
2.8017901515090258,22.06805784867561,4,427,0.0
4.796048459129795,10.409867854455733,5,220,0.0
2.0171275769750476,9.431852637315144,2,935,0.0009808012561548193
10.753278805541175,19.62727425489586,5,666,6.295322355433164e-07
10.497949335156123,2.678816031546633,1,479,172.44092572116188
7.130935203300318,13.102557128053146,1,901,0.08781270702886619
3.717458666339092,14.91365564827652,1,940,0.02422590860148198
18.065273057520066,8.26636413011057,5,627,0.0028998572248040097
18.04577269419609,7.781515581385039,5,842,0.005326580801732761
14.18154003311073,14.17917162896191,2,219,0.02576563534368158
5.546653545227564,17.941622849624984,3,481,0.0001775207206056476
5.994315231288395,17.825538197608537,4,490,5.698474273402613e-06
2.0670753953964525,4.31713090956338,1,287,0.17008126375718544
16.31567060292081,21.020525915754803,3,369,0.001094952763964655
13.383685599621568,9.85155128707884,3,747,0.012529268236085706
13.469994864888829,23.30149954703411,3,627,0.0002624778230014771
11.804413130464566,1.5101203301584718,1,246,110.12468493166605
19.987276618776875,8.495936023652003,5,997,0.004794940185155302
6.733823807372574,20.63389081404529,3,396,5.3896717336255514e-05
19.68812287748891,20.799495112313114,1,710,0.7296873811232079
1.9481038122943937,23.158764105181593,4,582,0.0
3.6773276556660806,4.7740895864179,1,366,0.6274886724408071
10.544012359209024,13.741108016311077,4,761,0.00013784157327114077
4.806571136368278,7.493452270591751,2,877,0.013841407741583623
10.636497790536202,7.3991045576436605,1,282,46.27194286076771
7.803613157842767,4.45103100938977,4,687,0.013206283553498514
16.878575159110852,1.3325365884649631,4,834,277.62928972116504
2.966385268056707,21.85485174715938,5,850,0.0
5.967242541028859,2.5491159478223073,2,723,44.74388888074174
7.615120290220264,14.34401017867954,5,559,0.0
9.976499449884791,21.77092246481045,5,964,2.025138192723156e-06
1.6649486776443843,18.804740270789974,3,940,0.0
3.867321163376711,22.76713259059322,2,904,0.00032729166722628405
6.166713377646596,14.867079985220638,5,493,0.0
19.467854346996916,11.100588650141491,5,673,0.0010476669522581595
3.820709136789477,19.290397601815442,3,647,7.2043953604383405e-06
16.721544633375174,8.20852106918208,5,413,0.002268445192784499
16.42560892303003,23.610525089211706,1,770,0.10949791374775575
19.585857747630545,24.187239029819803,1,818,0.19707323347293568
3.8357699812516075,14.38250704549824,4,610,0.0
11.438498264182266,20.300497385772406,4,423,4.7433335700181843e-05
11.076206284311505,4.075112317452257,2,381,55.155695295608275
5.722810373299234,23.40846435876442,1,783,0.014208834298547999
18.77948124917448,6.422104381854306,2,888,148.22461163708005
9.863933865921087,6.990294719658564,2,957,0.11814587480546374
9.63984522718396,16.25163687281958,1,644,0.09076352207050797
2.141998296032497,22.9339617774884,2,244,1.0914634877362846e-05
1.6170369451268538,14.938488925803792,3,866,0.0
5.724113973074489,10.24597150095878,5,520,0.0
15.318623077581625,1.5608745687730865,2,906,374.29732121562773
19.958922014222853,11.139848871203021,3,498,0.02558182073912747
2.8661054448880976,21.4611181179093,4,829,0.0
17.745412260168294,17.479097825507147,3,553,0.0026827404216296737
9.586790082362684,15.398954862542588,5,830,2.8925157507178096e-06
5.4626410858012004,7.7006345056945165,3,584,0.004216948372517148
1.745302021825909,17.450908164564815,4,889,0.0
13.378308730460335,1.082177283027593,4,319,101.09044602497393
6.868843124167305,23.327435088888244,3,948,4.6022543140438286e-05
3.7649877211201646,8.508002438593763,4,819,2.1462390039365648e-06
9.601378590997069,1.004362605665909,4,707,207.85234325245173
1.1181606666928876,17.27283772038407,1,734,0.0039965349720002775
10.86140682226495,11.036245180790463,1,571,4.2155348308996
17.417520772852967,20.202453867756365,2,864,0.011457668727593885
15.222562566243278,24.687373710320042,2,968,0.004497282051418656
1.0014450588729051,15.32692043114153,5,310,0.0
14.327939154592384,3.1055906797227752,5,575,0.7464157140886614
8.08895021122995,21.333886173951736,1,337,0.024021316569615887
15.821284385754787,1.3922614771238537,1,287,134.11797522441765
16.425481716790788,12.768061746352883,3,309,0.010646350805355908
9.183885992753279,8.754917044174526,5,474,9.070245525262653e-05
6.434975120544189,4.14054930995928,4,358,0.008981059176189037
5.277513197784905,2.639620178289653,1,266,68.62493270760986
18.54507438351127,3.56381172014233,3,262,50.017447789171506
12.135110005991313,17.417902137615794,3,702,0.0009619714619574682
5.457083168576927,1.1285824611152133,3,797,156.62587377626107
1.7937248298788584,9.767841196422308,2,577,0.001299662798156186
13.661993027055086,20.303419560527345,1,354,0.10918670629199019
1.330253193147302,18.473026036803454,3,473,0.0
14.438234936984141,3.63582028961759,4,663,2.3033630349437693
4.137973776764138,20.464902501770194,4,909,0.0
19.543175305489466,5.490872549049212,4,718,0.3036438429461733
5.953771415676151,4.010989082676494,1,432,63.87948816494665
3.8577785101588478,8.884668529110687,4,719,1.3435439562100598e-05
13.062360111529166,6.078649453769153,3,262,0.09113893007903268
9.05983489789498,23.338995811660567,3,857,0.00013473592371902182
9.711979591552389,15.108611031571357,4,779,0.00012936477168423813
16.10159040916671,3.137359603363061,4,377,42.53006877388982
9.70955090296992,5.264294085168289,5,765,0.0020743606473370623
19.50764370751466,23.482990914645374,1,326,0.1833008460192774
19.17946170714864,15.984942347803525,5,711,0.0001370254848926888
5.861167794469646,16.330612048012927,2,809,0.0018618047391223292
1.149232036550127,13.394132643976237,5,324,0.0
12.409744703854843,14.554257167972818,5,386,2.7361458034157028e-05
2.1055139035604076,11.762389904056759,4,597,0.0
4.171258604621642,21.52348158424609,1,848,0.010829688693570271
9.228267960850863,9.143638701662095,5,829,0.00013449299514801025
15.997569737845161,3.048443295130908,4,979,113.19674905745674
3.958283749630872,19.031067048272057,2,407,0.00047325373005689306
11.48150346804883,12.612348150447133,5,751,4.1533957672196275e-05
18.62144272843487,23.352473916460713,1,387,0.17119739386383256
2.1466245182428243,3.2706045152867462,3,997,0.00391563076395529
13.283310669210492,14.114341912786097,1,980,0.9004963196225633
10.764182217676435,16.391676987738755,1,417,0.10731071390740696
1.0870506237440511,5.090203141649835,1,876,0.050506493028284624
10.976542530924526,1.4232172224770459,1,283,118.88254728488442
17.931419458156007,17.00979547482918,3,978,0.0031184182191768225
11.713228096704377,1.149351322704585,5,828,211.02099537443317
8.17541287300708,12.533866322346508,5,312,0.0
2.8903982257968117,15.797492823701834,3,925,2.1596916801444744e-07
6.902007855099013,24.673906339656277,2,360,0.0007395057701336311
17.185281955195215,10.217228212428292,3,573,0.02364483190382053
3.163218389593905,12.67689154586856,2,385,0.0009796553279955837
8.715129726690693,20.160897387600944,3,485,0.00020898293968625985
5.673673433887274,20.0729920824833,5,337,0.0
1.8631604009499831,5.164977139881725,2,234,0.010217279080402382
17.783623372243145,21.823910712655433,2,640,0.00796482320993175
14.351551883011696,17.243687746836592,4,993,0.00022378268465317032
13.730968449419613,4.123825036060684,2,855,164.65413185621088
9.268227966933294,9.092180409572165,5,414,0.00021311539088266003
8.21274338490082,1.9259271500361725,3,750,117.61488972227137
18.630163874852528,22.381368838338112,3,964,0.0012742389018706491
10.147030197923721,13.81764704822612,1,403,0.19716652091300071
13.597499406284205,24.23932765723204,4,598,2.279465742069792e-05
14.647782374800684,15.34368110466599,1,988,1.2306643841848794
18.325532037254714,5.1903069897534175,5,796,0.04509716947413435
13.358875273631861,16.2257195542126,4,907,0.0001500778763872077
9.50284054474145,24.780408178529274,2,904,0.0015431783821839204
15.026464636923208,16.288166380341778,3,835,0.0021154389630357634
4.517690513299902,19.34181338993385,2,258,0.0004346132089413837
19.759489451012357,11.871462961237434,2,341,0.17386603621525046
16.22961020838634,3.3197020154768904,5,749,1.4909660903039095
14.222562851234974,21.364470435291018,4,628,8.281039878307201e-05
13.844072445881732,15.06533384968649,2,537,0.01607195129583359
13.408177177648826,8.989747422817192,3,249,0.01810902023678158
10.702444440347737,24.818332197751335,2,692,0.002001836983817685
1.2998809128155215,4.763277004646418,4,663,0.0
4.9094125941852305,21.797822761510094,4,620,0.0
3.284960312237443,4.395405175020223,4,846,0.0008363041824910254
7.293112260968975,1.7135265778374569,3,397,63.843805041368
10.675309996884563,6.182690313894324,1,371,74.44054708551751
7.382597242841966,1.125159525770405,3,672,176.64669418714897
4.894777055580462,8.034302303550518,1,230,0.1875527840197238
8.679558286612533,17.14686159144263,4,538,7.041355065589749e-05
8.7456585027441,22.542367452242566,5,470,0.0
13.79191140833495,6.563384069674034,3,891,0.09157320612879125
12.038627832773036,23.921059517916227,5,597,0.0
19.013817046524093,14.757557133316755,4,868,0.0013339274556784233
7.682038150390064,1.6102357328780972,1,227,80.96629827703819
19.343080866500724,7.17974265721136,3,292,0.6094428864226965
6.161447887811,7.420899193774047,2,570,0.027891521121952815
7.651818026604012,6.839974438118345,5,201,4.6287410042486035e-05
13.09669021414395,9.677163386863434,1,273,35.624876304870895
5.969612750314911,8.404253580473494,4,678,0.00011203045020527226
9.105341423132675,16.90971311163108,2,337,0.0046046415654048805
15.647354401028268,8.41734624407955,4,465,0.008766735409292728
6.085555464506396,14.704598100363874,2,612,0.00250362110024744
4.04075036325823,13.878903438364933,3,571,4.536375629066947e-05
18.354804188112475,6.575915540423184,5,296,0.014350349268226228
7.647656149737326,9.636503781804311,4,221,9.135093789775737e-05
7.509690046351295,9.257122888115516,4,406,0.00020504129903595644
5.731528497519473,7.292693800387701,2,733,0.021620278883499697
12.180346079006991,24.309047397972478,2,659,0.0031045758251017127
12.924084186064526,23.182597825966926,3,351,0.0004540750230550066
14.480027864287297,1.0580208679723144,2,352,157.59415935052024
12.204118441759979,4.810092137809282,1,861,255.30860221893067
12.602031128780636,14.39139487093988,5,931,2.077150373907573e-05
7.627165967316698,5.5614689213931685,5,648,0.0011016877397222531
9.608829046994641,15.354037692200283,2,482,0.006697275453457014
7.838511266270579,3.0741210738820888,2,919,91.44819314696096
11.303583423102445,10.487609274225193,5,316,0.0002564212277696155
10.156642734754401,21.807075006693097,3,551,0.00015768141402231075
8.226618559992033,18.462697335853342,2,498,0.0030229941004465506
12.542665348220506,22.036314379533874,1,432,0.060946801427731234
8.268352091929085,12.875864099613572,4,976,0.00014130997532552125
5.88992680701712,3.2997447039091297,1,454,92.7728233942658
7.191016722498357,15.255328523642053,4,660,1.5805119247098238e-05
10.477303179682501,8.58719959984338,5,258,0.0004136272366120379
12.392481056650537,21.249258043986234,5,979,3.545146330115689e-07
9.31722222341879,6.516496187811217,2,469,0.1907433690463228
1.5882066649977087,14.512859807973314,1,697,0.006765591342855682
19.864723354714766,24.918216306239778,1,597,0.14801287218810952
19.01518056686582,4.541527961835448,4,830,22.57962676853164
2.7174093813195697,19.48564454865976,5,315,0.0
19.105092717251846,5.821742488767829,4,273,0.1702187950035023
7.199877436809725,18.661351847476432,3,236,0.00018257898003939507
18.495084879801645,9.79538993507553,3,968,0.032475238696796846
5.960873145417206,18.886362540939647,4,828,2.674451668948591e-06
5.3748082987193415,21.662745403783667,4,277,0.0
2.4285628041286422,24.4391621023101,1,455,0.004515813279389713
16.27798198282555,24.580496193699403,2,295,0.005708642592759257
1.5882204698034197,22.729133615528813,2,547,5.0223254650364174e-05
7.4162225979277805,22.159967597668782,2,418,0.0011553617451220846
8.999622574978854,10.190671719503442,3,748,0.003078218800668767
1.4706767407156724,5.630822570306585,5,475,0.0
11.591071086770517,13.471905408964606,5,545,4.13967504538936e-05
12.733043149120402,1.340075675471697,1,827,367.4222234107738
14.618587106579177,1.7447690635714004,4,251,63.81470473287909
16.934371256727,5.180920249090989,3,525,25.07219127753263
18.834075593967615,10.38447942334588,1,940,212.67937229774967
2.6673991432837534,8.68302773424298,1,665,0.05641841622759452
5.363259144497955,5.16070898433616,1,762,7.991175697124927
8.276925966405251,6.082968708089205,5,338,0.00115566457148439
13.932127870574595,22.927352926482953,4,606,2.41876811418888e-05
8.807911639538684,9.743137575290682,1,511,1.1722956670165143
18.67327376759932,4.103060783022336,4,890,50.34659539899011
18.680294817703988,4.216610822992485,3,383,63.48384181470368
5.290418872725442,1.0564830440031079,3,735,152.05407665656995
7.0224285448798796,17.367953916031855,1,728,0.03580502182972392
16.03846042613747,7.889848469109781,1,763,197.5045063787428
1.6319761377843602,8.544440150570505,5,380,0.0
7.500035412444735,5.036498769015932,5,345,0.0012736719682214489
13.673782355154804,21.9641065038944,5,964,5.255566641925259e-06
5.180127954280088,11.468310410197617,1,405,0.07737643018994922
14.838558474995022,6.926621610939892,1,213,55.06875774368039
16.740196802763865,8.158437281684417,1,241,60.58307320269373
19.722195845911717,3.177864079918538,3,359,95.78003192313552
11.881079457924955,20.3532507039151,5,666,2.677908887183041e-06
16.882189770092566,20.66890333924353,3,617,0.0015638474840904888
9.54318061006264,19.525127499488406,4,817,2.1520855882359137e-05
11.072330634373326,9.063343715904036,5,443,0.00032887734296092695
2.1260366719833432,8.31646924683169,3,510,0.0001387310385290664
1.2615534931444317,11.945796371267187,2,859,0.00028224690340633666
19.927167571439398,14.520022307834381,3,307,0.008230985668409905
15.751917870202107,16.036996587425847,3,804,0.0028576611797702977
10.971900665636863,18.362195957483735,2,767,0.005498193272459721
2.6207449057046373,11.64102147938021,3,861,1.240083829576462e-05
18.03050382558908,5.752805717482486,2,843,159.45900010190454
3.3992883226680686,1.6782862870003168,5,689,0.010131134399034401
12.981414095682194,2.2929996295077206,5,602,46.64845005296413
19.128496120064447,6.2243099192271325,4,720,0.11195507643975139
13.763285124674526,24.340828708057195,1,561,0.054484999824261485
9.228881858832715,1.3112390573703756,5,563,85.2043709374384
12.275507483283462,16.72157643961337,1,694,0.14439164032473553
9.611520443741556,15.436498584749888,4,945,0.00010342642599294176
12.530545249792358,17.698602843275232,1,983,0.13600365818806912
19.518568869994382,19.256045516734794,2,729,0.0176057503134262
9.872256978454166,22.045573531379087,3,836,0.00015096065431241063
19.27834443130233,16.5670571885971,3,620,0.004169964001164073
10.951066629282131,19.748329980346345,1,600,0.061585390581646554
5.7530152444156855,12.493610945069845,2,617,0.00542562364671796
13.684408838796937,2.620839909119897,5,799,17.509124473696243
17.13939015304253,7.036694878901615,4,508,0.025699726411453093
14.414217462523842,1.171611059821048,4,762,258.0849998548668
12.132274306107055,23.506109209259343,4,783,3.791020957238994e-05
10.262813200019556,6.585587600696107,2,514,0.19413909166727322
14.391376444930081,15.514675462761463,5,446,3.802467215945887e-05
10.066915381925307,12.3732136544664,3,891,0.002128171403966571
15.651825541761708,10.046176331807303,4,411,0.00352149981821464
10.587435246653127,24.147953168393357,3,799,0.000153667055254946
7.413251573995227,11.561386164838868,4,529,7.786733761146559e-05
18.577272326087446,20.86548188226593,1,481,0.4269029656686823
15.245736294672964,17.67617227877162,1,253,0.3517660617345422
12.338021429430741,20.9488560139371,1,934,0.07114780452645944
15.567936131092692,3.2194084489958916,5,247,0.4959737799390513
16.70856321151944,1.4076917244054075,5,876,256.6714734321324
13.3131750095107,11.48052997008402,1,589,46.03782236147118
9.793603358233035,3.232969553326922,2,742,132.43887533617627
9.477581492607275,22.315793595326202,3,856,0.0002402007992395796
17.856714058907578,12.445669653829421,1,400,57.01357537632765
1.7532840928609001,4.543762313182906,5,529,0.0
2.970368067757335,4.87208611427421,3,407,0.002580893106658921
13.722392836954782,12.404297321059154,5,803,9.492150780111113e-05
8.201365920907673,4.277367141629959,4,488,0.019027101489323867
16.382322600586818,12.408691159404245,1,885,114.31633847753763
6.14675950364568,18.103354950889454,4,506,0.0
18.95044200253901,14.13362150582234,2,827,0.051205324460564076
3.6839350198425853,4.923873989087159,3,452,0.0035971024095190172
16.06008844702986,3.0508576375420784,1,640,256.2887032769561
15.575758650923781,3.783812625902386,2,879,229.06366801836703
10.185380399523384,18.743328272885808,5,956,7.44884560512526e-07
3.5329978975810117,10.090599013031644,4,288,0.0
15.798579821000972,21.06560103273649,5,520,8.891059200552211e-06
15.889710200336316,15.60993771656662,1,475,8.095264959802513
16.72045997233197,3.3939296095454576,5,878,1.5088864653849225
14.99669964044452,9.5791792483503,2,697,0.17952512456463862
2.6089774892305275,21.94461429289265,2,901,0.00022180869404909656
17.79277205143312,14.318248337187653,2,288,0.04313904611716184
5.434165963127681,21.63156260058896,3,697,3.987933684045548e-05
8.742635257727766,2.7669837806075988,1,284,92.73803689226051
10.36567053551756,23.02381459114628,5,729,0.0
12.068548415150644,14.527296303404423,5,928,4.835651683245679e-05
9.250184861146746,9.868916097408917,1,560,0.9174246245385727
17.41329019039857,10.001059082359141,2,730,0.30035022121876026
2.8611047975877657,8.022873354699147,4,598,0.0
17.7928317331972,21.494446579739837,2,424,0.009120421270210783
10.675228750877096,1.6522882591263048,5,716,82.13599639491238
6.419900674547747,3.457333416108293,2,972,2.1446411743793155
8.038126886282233,16.93086422931011,2,422,0.0036532393541683244
7.252910277913214,2.8368399070826813,4,908,0.0970002568189491
13.99815041831693,15.291658160508836,5,207,2.708562042001903e-05
19.045950968673843,12.459247734549379,4,338,0.0033374575386875107
14.699078927480635,21.53974565817433,2,737,0.006091245636202591
7.1763128626613835,4.021141504922429,2,341,0.5718338201387869
4.460006991263772,19.548887451145156,3,809,1.597271551304371e-05
7.455025560167915,1.9656308145713348,3,936,87.62257907476747
7.824426061425191,20.818155055970344,5,279,0.0
17.27624373409015,9.135890585452454,3,352,0.0366530350251265
16.709728155464074,9.796896699442101,4,744,0.005381040139241883
16.034824955879053,7.94319025202351,2,427,4.383290646912048
6.671486831414623,21.699260665472597,2,225,0.0011418213631250965
15.904438880438438,13.896204934197392,2,271,0.03206323605109309
3.649213498216333,23.924026634868373,4,888,0.0
2.4728071282987196,20.82866007534739,2,357,8.996007480057345e-05
10.552401932221374,21.2074869014299,5,626,5.921521109402682e-06
13.52123287006387,1.6553569456951012,2,826,319.06381520971865
5.050041948653893,12.534730300397054,5,261,0.0
16.70528297512184,13.313384510073066,4,824,0.0012569416839274443
13.636697338160252,9.872500662665894,1,388,49.31353807830517
17.54551733786071,24.814992239408426,2,540,0.005866999440553087
17.772541738071535,7.17320436405991,2,468,44.0427275474943
10.959759332045106,11.569181087524083,2,947,0.02273726410326843
9.881618359595741,1.9437811679168044,1,474,194.41285065013426
19.27375325882974,24.050161035306363,2,771,0.008236999675095596
3.3562233967787685,7.141964718544875,4,583,5.210879191653124e-05
15.21740739963499,12.904799383630564,2,820,0.04076233012522325
9.439059774446367,9.177709772146937,1,461,13.27008138099271
18.26298619242269,18.71716125464217,5,667,5.9614516735758914e-05
15.285155879312965,12.639832883247113,5,789,0.0001590186977523519
13.510718767571516,23.060779748024345,2,896,0.004990053558435244
11.182593526853712,17.869423498818755,3,813,0.0007188177567650927
16.715853358547818,8.998253309500154,4,742,0.006931744146499504
4.898288687569387,24.508615588124442,1,362,0.011621027484992243
8.417707242370398,23.30084711038909,5,306,1.2348444415897867e-06
7.1570698955019365,10.108875576401706,4,831,0.00018700067201901424
16.629046303023024,15.118261214417867,3,361,0.004084329110259049
16.877005506062723,14.575253810618186,2,662,0.033034942607654195
11.26212748280743,19.036752408609857,1,467,0.07221082178048903
3.122120434893475,15.47386890229049,3,588,2.9044954706143087e-06
7.250897969180539,19.792931719927275,3,594,0.00016621017176987162
13.872129783326448,9.422864820317436,1,746,114.15572987129129
2.238516056910683,7.587867417016938,4,358,0.0
12.4521456408714,20.129447323608208,4,676,3.124462685494951e-05
16.58325498852676,10.325590636779381,3,573,0.020754792192733514
11.163556494199485,16.566482823843817,1,843,0.1260014670905182
17.653221438332494,6.556535054176097,5,856,0.011753399124327083
14.862339963730967,20.328468161083666,4,350,0.00023920607223107035
18.07334740269268,5.262403667716149,5,880,0.036915373696378935
6.248508890125006,22.873814316785165,5,640,0.0
2.811269229630871,7.1077222187697915,1,831,0.09937116648838872
19.881972172884723,21.927951641585537,3,568,0.001408819549934711
3.942467501585851,5.6253205799802695,2,590,0.01890712541049054
8.438712007832756,10.286917394224695,1,793,0.5178669951926037
9.154431535982793,21.48076638974004,1,686,0.03292651779296238
16.309418449636773,3.8878762012338965,5,863,0.15615850914946858
17.98990358490824,5.585005944571947,1,939,317.541511558323
13.340076546546753,12.090873175823294,1,313,16.895873776129186
15.854873620802099,17.242404047019946,2,868,0.015868442809677016
6.364406603115892,15.847807202717625,3,231,0.00018357343811710238
2.9160850010890123,16.729668615074512,2,287,0.00020940560778348816
3.597759665288294,2.577906509957489,3,887,0.055349198672543384
12.903930536275592,19.532417493396082,5,843,1.0004427399245445e-05
7.6296051343389895,23.81601456688231,2,292,0.0011499181360672876
2.5591913344153148,3.466705665825872,5,323,0.0
1.910515225309272,9.672322456303164,5,497,0.0
16.51288493939252,3.087978449340657,5,537,20.587109024461235
18.259196041393785,17.4934860232836,5,326,0.00010216988088605723
16.566834258994255,20.95460788323236,1,518,0.1801845977880326
3.3555613212629254,8.462445630844142,5,271,0.0
18.986294147496057,12.214501097742929,3,274,0.016720536084603797
11.180630492808442,22.86825764663275,4,795,3.890990850617382e-05
17.104959540484465,5.715324813816227,4,809,0.09763954036804603
8.629729608135639,18.478679505867206,2,888,0.0029932081563906476
5.37487218088309,22.21112046891127,1,224,0.014843420763772472
9.678116944111597,3.680735288838246,5,239,0.01057747575490654
19.278333493670914,18.18642555101436,2,587,0.021567860523942006
16.637939336636972,8.227567655924616,4,210,0.01232980878106714
18.576800625472895,11.42750611316079,3,670,0.018564627227578536
16.660707565453514,1.508993145490276,1,695,320.2797139669773
17.299703355312133,2.490193215089561,4,491,107.04579629281805
14.040748455854626,16.200055516988698,2,958,0.014068759653994312
2.5538674687625327,17.73626497168508,2,374,0.0003212841046023427
5.855194743107176,5.07020123066444,4,217,0.0012911299583613807
13.621509998860754,22.212660411985457,5,929,3.2558234335051455e-06
13.24452020474822,19.62776063098631,4,328,5.173242470155695e-05
7.062945187211626,8.43131492736762,4,286,0.0005267404369873396
7.576570662681976,4.069969829018215,2,493,1.333420347404695
7.35810243004976,6.747604538153617,1,493,22.180502282841065
8.849122624925464,4.395407824569553,5,872,0.004605587011730762
15.399241083224753,24.60330178392033,3,945,0.0004240918222423247
14.809787663170031,4.971739408073088,1,914,299.06615055962567
2.8260424384019878,8.868951727074439,2,955,0.0031417840511052723
11.904303230162988,22.861867507860453,2,337,0.0030873376068971383
17.667370481116404,19.68633558426412,1,600,0.387250999675347
9.041350057674185,20.832829953471304,2,795,0.0022196131453825416
10.378475714923018,18.925500314695768,3,992,0.0003838519884715483
10.219884564846422,14.743640723499773,5,994,1.0467717576045836e-05
6.71100778777844,22.357007162728078,1,631,0.018525925846206198
6.086384752836008,20.41084282117942,5,768,0.0
9.904622310148682,14.743878131231185,4,224,6.529453071817133e-05
12.397554150027167,21.82183249641855,3,272,0.0002976561793688708
7.01067061422112,2.6687774525567596,5,273,0.02754035545546046
19.55980911330727,7.475890665825428,3,599,0.23437576822655398
7.82911107435374,3.3796141179547456,3,821,0.21520258518284494
18.660951076999936,9.683368454650141,1,548,134.84175665690364
11.94375154477524,2.956432382878358,3,691,84.99335743455809
18.96708277600227,21.44942216433797,1,231,0.42357184353035837
15.693902870423097,12.446334702614447,5,728,0.0002300382971148877
16.378684793611946,17.21125744972405,1,351,0.6495508487763627
16.14061524387197,13.908796195159688,5,530,9.882937922344948e-05
6.884363937234797,15.634500598413759,4,304,4.852033621117433e-06
4.2547132650640584,10.676452057307014,2,491,0.0031898378296214094
19.373028120124356,8.214449838710618,1,843,241.37494627451446
6.2031830929570635,2.3889278248745667,1,602,178.2511252444163
19.965538367580507,14.552704275036199,1,977,126.23762358765181
11.201195277259092,2.3220158606988353,2,387,110.3958882698239
7.642451711958249,9.441052117080499,2,889,0.024049279907259878
18.525420976219824,4.694132324846049,4,228,2.3554779024446915
6.11787628861441,12.531946405075278,5,566,0.0
19.463396763962297,3.5850479474218853,5,677,16.159900741674367
13.338980964476733,12.726288761637953,5,742,6.903812472528934e-05
6.513111983597255,13.563386593579017,4,683,4.685039272728946e-05
6.420951807147644,21.09617033178056,1,414,0.019458590303396226
15.247934029173653,3.7137011650008587,1,645,244.49802531352057
8.433274002150224,1.6787801667424702,2,800,241.5551342621574
18.656903650241972,16.36497718703897,1,855,52.96384408266039
5.515206598790015,20.8338655371466,4,694,0.0
8.698720074470437,7.256860979712041,5,936,0.0001766432268234954
3.739563023446848,3.5006043760005037,3,219,0.014269102233819546
12.788199263051546,20.162186524411773,1,702,0.07828088423088336
11.011238338633312,1.134311415729786,2,378,150.5029285269995
6.141834285024163,9.687880729524217,1,290,0.17247768149715584
11.277448629394849,19.82342881917218,5,972,1.3268548485310568e-05
3.0473446305135967,3.6765542936110034,5,493,0.00016224835077141458
19.111094722698034,16.922943867487863,3,560,0.003427929407634618
3.8304442906612866,5.156611830127741,4,870,0.00046085103836845725
7.45320554428521,7.517085158742232,2,394,0.03963209683344051
10.482650302713413,18.58518731815067,2,605,0.0042140347605834835
19.136989963120474,1.6667821723426774,4,494,161.25130990313176
16.397247364929953,5.500365768937266,1,424,150.37448120084633
1.219484828450597,3.88390464182548,5,581,0.0
1.0394154695535813,23.024008047987756,4,339,0.0
9.936266706232221,22.40788252605595,5,801,0.0
10.908695573099457,20.827421991185684,3,430,0.00028174160704977884
4.739020356782898,24.10802275363382,1,963,0.010428384562702045
18.575908784686693,3.2617579698720327,2,934,300.551461811928
18.850126912468287,8.060560239208936,2,482,38.10081528096533
18.48542243403367,6.032710667220869,5,715,0.019508635799132656
5.124532278808372,9.677338520545167,4,466,6.738579468756823e-05
8.421683331980876,3.318420099324685,1,596,186.06938143121909
2.5293690738076084,4.8889835953176215,4,358,0.00010584470206829071
10.910458403895005,11.835401168682454,2,994,0.02259740661395817
6.610466610266846,5.567726183559479,2,741,0.13459436165216743
10.898372262267321,4.847091108316154,4,815,0.03307285694858188
3.493341864398849,4.376687433166437,2,860,0.03700685149818702
2.3288260744215705,19.638847519867333,1,385,0.005158350926449315
9.882958687493698,18.44780515087678,2,721,0.004066666307489858
5.403758364915512,9.3417868372103,2,843,0.009989717031190152
19.951108465714526,21.97442585685663,2,672,0.011632163607219461
14.275330915810214,14.400033452861688,5,553,0.0001358096395928339
8.20138259119372,5.2568397594874465,3,243,0.029296579592692926
17.0540328588443,24.10402525095352,5,831,1.0609799210167536e-05
13.349808356463644,24.153617784046183,2,605,0.003648722253250945
3.004763409411427,8.388283291560136,3,704,0.00013458198882854754
7.347612338766475,13.950381675982152,2,310,0.0049893891354314554
16.46383923182796,4.1330130008971935,4,384,3.922941445754342
9.177409228144151,5.119100948839949,3,771,0.05236123208365541
19.33269091119111,6.505515224655577,5,921,0.019515403553060286
12.466588584087729,6.0190087478257785,2,651,13.777049047864054
19.554336901089087,13.386143652655328,2,477,0.0877106067200801
11.298230203969673,20.187492074463695,4,719,4.315121658858841e-05
4.547023746191713,2.475436311376507,4,940,0.021618975605837348
4.328536298854093,22.148145551794748,1,899,0.01102816213247156
15.155003885962884,23.522406720856143,3,971,0.0005377952068873848
4.550695624911905,20.08943434742914,5,277,0.0
11.207140550181682,23.336288502968628,3,242,0.00014848661564430987
